File,LOC,SLOC-P,SLOC-L,MVG,BLOC,C&SLOC,CLOC,CWORD,HCLOC,HCWORD
D:\Dropbox\E\Projects\e3project - VS2013\Code\eCore\Build\resource.h,15,8,0,0,2,0,5,16,5,16
D:\Dropbox\E\Projects\e3project - VS2013\Code\eCore\Include\Base.h,226,79,51,0,24,0,123,867,29,255
D:\Dropbox\E\Projects\e3project - VS2013\Code\eCore\Include\CorePch.h,58,20,0,0,6,0,32,214,26,208
D:\Dropbox\E\Projects\e3project - VS2013\Code\eCore\Include\IntrusivePtr.h,272,149,70,14,36,0,87,497,29,232
D:\Dropbox\E\Projects\e3project - VS2013\Code\eCore\Include\SafeCast.h,64,15,4,1,9,0,40,253,27,216
D:\Dropbox\E\Projects\e3project - VS2013\Code\eCore\Include\ScopedPtr.h,115,54,23,4,18,0,43,272,28,222
D:\Dropbox\E\Projects\e3project - VS2013\Code\eCore\Include\SharedPtr.h,316,173,83,16,40,0,103,636,27,217
D:\Dropbox\E\Projects\e3project - VS2013\Code\eCore\Include\Singleton.h,131,47,19,1,16,0,68,493,44,351
D:\Dropbox\E\Projects\e3project - VS2013\Code\eCore\Include\WeakPtr.h,242,154,72,16,35,0,53,302,27,214
D:\Dropbox\E\Projects\e3project - VS2013\Code\eCore\Include\Application\Application.h,194,111,76,0,23,0,60,254,27,218
D:\Dropbox\E\Projects\e3project - VS2013\Code\eCore\Include\Application\Input.h,38,6,0,0,6,0,26,201,26,201
D:\Dropbox\E\Projects\e3project - VS2013\Code\eCore\Include\Application\Win32\InputImpl.h,111,76,7,0,8,0,27,206,26,205
D:\Dropbox\E\Projects\e3project - VS2013\Code\eCore\Include\Assertion\Assert.h,189,69,23,1,16,0,104,559,28,238
D:\Dropbox\E\Projects\e3project - VS2013\Code\eCore\Include\Assertion\Exception.h,124,56,21,1,17,0,51,385,29,264
D:\Dropbox\E\Projects\e3project - VS2013\Code\eCore\Include\Containers\Array.h,158,82,38,7,25,0,51,303,28,224
D:\Dropbox\E\Projects\e3project - VS2013\Code\eCore\Include\Containers\DynamicArray.h,310,201,102,15,45,0,64,380,27,213
D:\Dropbox\E\Projects\e3project - VS2013\Code\eCore\Include\Containers\List.h,624,419,214,40,78,2,127,1036,26,210
D:\Dropbox\E\Projects\e3project - VS2013\Code\eCore\Include\Containers\Map.h,625,424,237,54,66,1,135,989,31,281
D:\Dropbox\E\Projects\e3project - VS2013\Code\eCore\Include\Containers\Pair.h,50,15,6,0,6,0,29,202,26,199
D:\Dropbox\E\Projects\e3project - VS2013\Code\eCore\Include\Containers\Queue.h,297,204,102,22,34,0,59,384,26,210
D:\Dropbox\E\Projects\e3project - VS2013\Code\eCore\Include\Containers\Stack.h,229,149,70,9,34,0,46,264,26,208
D:\Dropbox\E\Projects\e3project - VS2013\Code\eCore\Include\EventSystem\Event.h,420,220,111,17,52,2,148,589,77,360
D:\Dropbox\E\Projects\e3project - VS2013\Code\eCore\Include\FileSystem\Archive.h,77,33,17,0,12,0,32,212,27,207
D:\Dropbox\E\Projects\e3project - VS2013\Code\eCore\Include\FileSystem\File.h,116,51,30,0,13,0,52,288,27,214
D:\Dropbox\E\Projects\e3project - VS2013\Code\eCore\Include\FileSystem\Path.h,79,17,6,0,9,0,53,393,27,210
D:\Dropbox\E\Projects\e3project - VS2013\Code\eCore\Include\Math\Algorithm.h,508,328,204,46,39,0,141,788,26,200
D:\Dropbox\E\Projects\e3project - VS2013\Code\eCore\Include\Math\Box2.h,237,152,83,21,38,1,47,277,26,209
D:\Dropbox\E\Projects\e3project - VS2013\Code\eCore\Include\Math\Box3.h,295,191,108,27,48,0,56,307,26,209
D:\Dropbox\E\Projects\e3project - VS2013\Code\eCore\Include\Math\Comparison.h,268,153,59,3,34,1,81,451,29,227
D:\Dropbox\E\Projects\e3project - VS2013\Code\eCore\Include\Math\Distance.h,381,285,163,27,28,7,68,358,26,200
D:\Dropbox\E\Projects\e3project - VS2013\Code\eCore\Include\Math\Hash.h,172,81,48,8,20,0,71,472,26,211
D:\Dropbox\E\Projects\e3project - VS2013\Code\eCore\Include\Math\Intersection.h,247,138,76,30,34,2,75,504,26,200
D:\Dropbox\E\Projects\e3project - VS2013\Code\eCore\Include\Math\Math.h,107,61,37,0,10,0,36,233,26,200
D:\Dropbox\E\Projects\e3project - VS2013\Code\eCore\Include\Math\Matrix4.h,931,676,405,35,113,0,142,807,26,202
D:\Dropbox\E\Projects\e3project - VS2013\Code\eCore\Include\Math\Plane.h,196,111,50,5,30,0,55,288,26,200
D:\Dropbox\E\Projects\e3project - VS2013\Code\eCore\Include\Math\Projection.h,192,81,57,6,33,0,78,433,26,205
D:\Dropbox\E\Projects\e3project - VS2013\Code\eCore\Include\Math\Quaternion.h,585,421,246,37,72,0,92,536,26,201
D:\Dropbox\E\Projects\e3project - VS2013\Code\eCore\Include\Math\Random.h,215,122,77,12,38,9,55,332,26,203
D:\Dropbox\E\Projects\e3project - VS2013\Code\eCore\Include\Math\Sphere.h,181,101,51,10,28,0,52,309,28,227
D:\Dropbox\E\Projects\e3project - VS2013\Code\eCore\Include\Math\Transform.h,932,679,412,34,119,0,134,670,29,202
D:\Dropbox\E\Projects\e3project - VS2013\Code\eCore\Include\Math\Vector2.h,465,329,173,40,65,0,71,418,26,199
D:\Dropbox\E\Projects\e3project - VS2013\Code\eCore\Include\Math\Vector3.h,490,360,191,43,66,0,64,317,26,199
D:\Dropbox\E\Projects\e3project - VS2013\Code\eCore\Include\Math\Vector4.h,505,377,204,44,64,0,64,317,26,199
D:\Dropbox\E\Projects\e3project - VS2013\Code\eCore\Include\Memory\Allocator.h,144,56,24,0,15,0,73,483,35,283
D:\Dropbox\E\Projects\e3project - VS2013\Code\eCore\Include\Memory\Factory.h,450,233,124,19,63,2,154,931,80,588
D:\Dropbox\E\Projects\e3project - VS2013\Code\eCore\Include\Memory\GarbageCollection.h,863,547,289,43,123,0,193,860,35,290
D:\Dropbox\E\Projects\e3project - VS2013\Code\eCore\Include\Memory\Heap.h,58,20,7,0,8,0,30,218,27,215
D:\Dropbox\E\Projects\e3project - VS2013\Code\eCore\Include\Memory\Memory.h,267,143,78,13,29,2,95,585,26,201
D:\Dropbox\E\Projects\e3project - VS2013\Code\eCore\Include\Memory\Msvc\HeapImpl.h,77,34,14,3,10,0,33,215,26,205
D:\Dropbox\E\Projects\e3project - VS2013\Code\eCore\Include\Msvc\PlatformBase.h,165,66,13,1,27,3,72,457,33,254
D:\Dropbox\E\Projects\e3project - VS2013\Code\eCore\Include\Serialization\ByteSerializer.h,360,262,161,17,53,0,45,238,27,214
D:\Dropbox\E\Projects\e3project - VS2013\Code\eCore\Include\Serialization\ISerializer.h,131,55,34,0,13,0,63,413,27,216
D:\Dropbox\E\Projects\e3project - VS2013\Code\eCore\Include\Serialization\StringSerializer.h,370,260,169,19,55,2,55,310,28,223
D:\Dropbox\E\Projects\e3project - VS2013\Code\eCore\Include\Serialization\XmlSerializer.h,93,51,38,0,11,0,31,204,26,199
D:\Dropbox\E\Projects\e3project - VS2013\Code\eCore\Include\Text\CharArray.h,367,248,133,20,54,2,65,358,26,206
D:\Dropbox\E\Projects\e3project - VS2013\Code\eCore\Include\Text\CharList.h,446,311,157,33,68,3,67,412,27,212
D:\Dropbox\E\Projects\e3project - VS2013\Code\eCore\Include\Text\String.h,111,29,12,0,11,0,71,543,27,219
D:\Dropbox\E\Projects\e3project - VS2013\Code\eCore\Include\Text\StringUtil.h,44,7,1,0,8,0,29,200,29,200
D:\Dropbox\E\Projects\e3project - VS2013\Code\eCore\Include\Text\Text.h,123,65,44,6,15,0,43,257,26,204
D:\Dropbox\E\Projects\e3project - VS2013\Code\eCore\Include\Threads\Atomic.h,147,86,62,0,17,0,44,258,26,203
D:\Dropbox\E\Projects\e3project - VS2013\Code\eCore\Include\Threads\ConditionVariable.h,60,22,11,0,9,0,29,231,29,231
D:\Dropbox\E\Projects\e3project - VS2013\Code\eCore\Include\Threads\IRunnable.h,55,16,6,0,7,0,32,252,29,249
D:\Dropbox\E\Projects\e3project - VS2013\Code\eCore\Include\Threads\Lock.h,61,20,7,0,8,0,33,251,30,248
D:\Dropbox\E\Projects\e3project - VS2013\Code\eCore\Include\Threads\Mutex.h,62,21,9,0,9,0,32,235,29,232
D:\Dropbox\E\Projects\e3project - VS2013\Code\eCore\Include\Threads\Thread.h,78,29,14,0,11,0,38,299,32,292
D:\Dropbox\E\Projects\e3project - VS2013\Code\eCore\Include\Threads\ThreadException.h,48,12,4,0,7,0,29,210,29,210
D:\Dropbox\E\Projects\e3project - VS2013\Code\eCore\Include\Threads\ThreadPool.h,141,63,42,0,17,21,61,690,26,205
D:\Dropbox\E\Projects\e3project - VS2013\Code\eCore\Include\Threads\ThreadPoolWorker.h,191,83,45,4,23,0,85,481,26,204
D:\Dropbox\E\Projects\e3project - VS2013\Code\eCore\Include\Threads\Msvc\AtomicImpl.h,148,67,35,6,11,0,70,453,27,212
D:\Dropbox\E\Projects\e3project - VS2013\Code\eCore\Include\Time\Time.h,132,65,37,0,16,0,51,294,27,220
D:\Dropbox\E\Projects\e3project - VS2013\Code\eCore\Include\Time\Timer.h,104,38,19,2,18,0,48,256,27,217
D:\Dropbox\E\Projects\e3project - VS2013\Code\eCore\Include\Win32\ComUtil - Copy.h,175,75,37,5,21,0,79,520,28,227
D:\Dropbox\E\Projects\e3project - VS2013\Code\eCore\Include\Win32\ComUtil.h,179,77,37,5,22,0,80,499,31,227
D:\Dropbox\E\Projects\e3project - VS2013\Code\eCore\Source\CorePch.cpp,35,1,0,0,5,0,29,205,29,205
D:\Dropbox\E\Projects\e3project - VS2013\Code\eCore\Source\Application\Application.cpp,103,48,26,4,17,0,38,217,26,199
D:\Dropbox\E\Projects\e3project - VS2013\Code\eCore\Source\Application\Win32\ApplicationImpl.cpp,463,311,193,48,63,1,89,545,26,199
D:\Dropbox\E\Projects\e3project - VS2013\Code\eCore\Source\Application\Win32\ApplicationImpl.h,107,58,44,0,16,0,33,224,27,218
D:\Dropbox\E\Projects\e3project - VS2013\Code\eCore\Source\FileSystem\Archive.cpp,104,49,23,3,16,1,39,231,30,214
D:\Dropbox\E\Projects\e3project - VS2013\Code\eCore\Source\FileSystem\File.cpp,112,58,26,12,18,0,36,222,30,214
D:\Dropbox\E\Projects\e3project - VS2013\Code\eCore\Source\FileSystem\Win32\FileImpl.cpp,410,234,153,39,42,0,134,449,30,213
D:\Dropbox\E\Projects\e3project - VS2013\Code\eCore\Source\FileSystem\Win32\FileImpl.h,83,33,18,0,7,0,43,297,30,213
D:\Dropbox\E\Projects\e3project - VS2013\Code\eCore\Source\Math\Random.cpp,51,11,4,1,5,0,35,239,29,203
D:\Dropbox\E\Projects\e3project - VS2013\Code\eCore\Source\Memory\Allocator.cpp,92,31,16,3,10,0,51,353,29,202
D:\Dropbox\E\Projects\e3project - VS2013\Code\eCore\Source\Serialization\XmlSerializer.cpp,217,139,66,14,40,0,38,213,29,199
D:\Dropbox\E\Projects\e3project - VS2013\Code\eCore\Source\Serialization\XmlSerializerImpl.cpp,249,164,92,15,43,0,42,226,30,208
D:\Dropbox\E\Projects\e3project - VS2013\Code\eCore\Source\Serialization\XmlSerializerImpl.h,98,51,39,0,12,0,35,213,30,208
D:\Dropbox\E\Projects\e3project - VS2013\Code\eCore\Source\Text\String.cpp,66,24,10,2,9,0,33,217,30,212
D:\Dropbox\E\Projects\e3project - VS2013\Code\eCore\Source\Text\TextUtil.cpp,73,30,19,4,11,0,32,208,29,204
D:\Dropbox\E\Projects\e3project - VS2013\Code\eCore\Source\Text\StringImpl.h,99,44,25,2,12,0,43,276,30,212
D:\Dropbox\E\Projects\e3project - VS2013\Code\eCore\Source\Threads\ConditionVariable.cpp,85,29,10,0,11,0,45,270,30,208
D:\Dropbox\E\Projects\e3project - VS2013\Code\eCore\Source\Threads\Mutex.cpp,67,21,8,0,10,0,36,215,30,205
D:\Dropbox\E\Projects\e3project - VS2013\Code\eCore\Source\Threads\Thread.cpp,117,45,18,4,17,0,55,343,30,206
D:\Dropbox\E\Projects\e3project - VS2013\Code\eCore\Source\Threads\ThreadPool.cpp,339,189,110,24,39,2,111,647,30,206
D:\Dropbox\E\Projects\e3project - VS2013\Code\eCore\Source\Threads\Win32\ConditionVariableImpl.cpp,140,73,39,4,16,4,51,285,30,211
D:\Dropbox\E\Projects\e3project - VS2013\Code\eCore\Source\Threads\Win32\ThreadImpl.cpp,285,139,65,6,37,5,109,859,30,209
D:\Dropbox\E\Projects\e3project - VS2013\Code\eCore\Source\Threads\Win32\ConditionVariableImpl.h,73,25,14,0,9,5,39,340,36,295
D:\Dropbox\E\Projects\e3project - VS2013\Code\eCore\Source\Threads\Win32\MutexImpl.h,72,20,9,0,9,0,43,325,30,213
D:\Dropbox\E\Projects\e3project - VS2013\Code\eCore\Source\Threads\Win32\ThreadImpl.h,84,34,23,0,13,9,37,305,30,208
D:\Dropbox\E\Projects\e3project - VS2013\Code\eCore\Source\Time\Time.cpp,72,30,12,4,10,0,32,205,29,201
D:\Dropbox\E\Projects\e3project - VS2013\Code\eCore\Source\Time\Win32\TimeImpl.cpp,158,87,66,4,27,8,44,392,29,204
D:\Dropbox\E\Projects\e3project - VS2013\Code\eCore\Source\Time\Win32\TimeImpl.h,54,18,9,0,7,0,29,204,29,204
D:\Dropbox\E\Projects\e3project - VS2013\Code\eCoreTest\Source\CoreTestPch.cpp,34,2,0,0,3,0,29,206,29,206
D:\Dropbox\E\Projects\e3project - VS2013\Code\eCoreTest\Source\Main.cpp,124,72,54,0,19,3,33,222,29,201
D:\Dropbox\E\Projects\e3project - VS2013\Code\eCoreTest\Source\CoreTestPch.h,157,97,3,2,18,0,42,235,29,209
D:\Dropbox\E\Projects\e3project - VS2013\Code\eCoreTest\Source\Test\Common.h,85,41,20,0,12,4,32,213,29,199
D:\Dropbox\E\Projects\e3project - VS2013\Code\eCoreTest\Source\Test\Containers\Array.cpp,230,138,80,17,44,0,48,263,29,199
D:\Dropbox\E\Projects\e3project - VS2013\Code\eCoreTest\Source\Test\Containers\DynamicArray.cpp,356,224,146,26,53,0,79,351,29,199
D:\Dropbox\E\Projects\e3project - VS2013\Code\eCoreTest\Source\Test\Containers\List.cpp,630,400,285,46,88,6,142,712,29,199
D:\Dropbox\E\Projects\e3project - VS2013\Code\eCoreTest\Source\Test\Containers\Map.cpp,520,306,211,38,69,3,145,781,29,199
D:\Dropbox\E\Projects\e3project - VS2013\Code\eCoreTest\Source\Test\Containers\Queue.cpp,316,195,129,25,42,3,79,329,29,199
D:\Dropbox\E\Projects\e3project - VS2013\Code\eCoreTest\Source\Test\Containers\Stack.cpp,221,115,76,10,34,0,72,298,29,199
D:\Dropbox\E\Projects\e3project - VS2013\Code\eCoreTest\Source\Test\Containers\Array.h,49,15,6,0,5,0,29,199,29,199
D:\Dropbox\E\Projects\e3project - VS2013\Code\eCoreTest\Source\Test\Containers\DynamicArray.h,49,15,6,0,5,0,29,199,29,199
D:\Dropbox\E\Projects\e3project - VS2013\Code\eCoreTest\Source\Test\Containers\List.h,49,15,6,0,5,0,29,199,29,199
D:\Dropbox\E\Projects\e3project - VS2013\Code\eCoreTest\Source\Test\Containers\Map.h,49,15,6,0,5,0,29,199,29,199
D:\Dropbox\E\Projects\e3project - VS2013\Code\eCoreTest\Source\Test\Containers\Queue.h,49,15,6,0,5,0,29,199,29,199
D:\Dropbox\E\Projects\e3project - VS2013\Code\eCoreTest\Source\Test\Containers\Stack.h,49,15,6,0,5,0,29,199,29,199
D:\Dropbox\E\Projects\e3project - VS2013\Code\eCoreTest\Source\Test\EventSystem\Event.cpp,205,127,100,4,40,0,38,211,29,199
D:\Dropbox\E\Projects\e3project - VS2013\Code\eCoreTest\Source\Test\EventSystem\Event.h,49,15,6,0,5,0,29,199,29,199
D:\Dropbox\E\Projects\e3project - VS2013\Code\eCoreTest\Source\Test\FileSystem\File.cpp,163,93,70,10,30,0,40,235,29,199
D:\Dropbox\E\Projects\e3project - VS2013\Code\eCoreTest\Source\Test\FileSystem\File.h,49,15,6,0,5,0,29,199,29,199
D:\Dropbox\E\Projects\e3project - VS2013\Code\eCoreTest\Source\Test\Math\Algorithm.cpp,356,183,130,18,41,3,132,904,29,199
D:\Dropbox\E\Projects\e3project - VS2013\Code\eCoreTest\Source\Test\Math\Hash.cpp,97,49,34,5,16,0,32,203,29,199
D:\Dropbox\E\Projects\e3project - VS2013\Code\eCoreTest\Source\Test\Math\Matrix.cpp,371,215,148,5,45,1,111,476,29,199
D:\Dropbox\E\Projects\e3project - VS2013\Code\eCoreTest\Source\Test\Math\Quaternion.cpp,298,153,110,6,43,1,102,444,29,199
D:\Dropbox\E\Projects\e3project - VS2013\Code\eCoreTest\Source\Test\Math\Vector.cpp,421,194,175,7,52,0,175,655,29,199
D:\Dropbox\E\Projects\e3project - VS2013\Code\eCoreTest\Source\Test\Math\Algorithm.h,49,15,6,0,5,0,29,199,29,199
D:\Dropbox\E\Projects\e3project - VS2013\Code\eCoreTest\Source\Test\Math\Hash.h,49,15,6,0,5,0,29,199,29,199
D:\Dropbox\E\Projects\e3project - VS2013\Code\eCoreTest\Source\Test\Math\Matrix.h,49,15,6,0,5,0,29,199,29,199
D:\Dropbox\E\Projects\e3project - VS2013\Code\eCoreTest\Source\Test\Math\Quaternion.h,49,15,6,0,5,0,29,199,29,199
D:\Dropbox\E\Projects\e3project - VS2013\Code\eCoreTest\Source\Test\Math\Vector.h,49,15,6,0,5,0,29,199,29,199
D:\Dropbox\E\Projects\e3project - VS2013\Code\eCoreTest\Source\Test\Memory\Allocator.cpp,150,89,59,9,26,1,35,214,29,199
D:\Dropbox\E\Projects\e3project - VS2013\Code\eCoreTest\Source\Test\Memory\Factory.cpp,268,177,110,8,50,0,41,259,29,199
D:\Dropbox\E\Projects\e3project - VS2013\Code\eCoreTest\Source\Test\Memory\GarbageCollection.cpp,314,203,151,12,53,0,58,280,29,199
D:\Dropbox\E\Projects\e3project - VS2013\Code\eCoreTest\Source\Test\Memory\Allocator.h,49,15,6,0,5,0,29,199,29,199
D:\Dropbox\E\Projects\e3project - VS2013\Code\eCoreTest\Source\Test\Memory\Factory.h,49,15,6,0,5,0,29,199,29,199
D:\Dropbox\E\Projects\e3project - VS2013\Code\eCoreTest\Source\Test\Memory\GarbageCollection.h,49,15,6,0,5,0,29,199,29,199
D:\Dropbox\E\Projects\e3project - VS2013\Code\eCoreTest\Source\Test\Serialization\Serialization.cpp,328,225,196,12,54,0,49,226,29,199
D:\Dropbox\E\Projects\e3project - VS2013\Code\eCoreTest\Source\Test\Serialization\Serialization.h,49,15,6,0,5,0,29,199,29,199
D:\Dropbox\E\Projects\e3project - VS2013\Code\eCoreTest\Source\Test\SmartPointers\IntrusivePtr.cpp,193,121,77,11,30,1,42,231,29,199
D:\Dropbox\E\Projects\e3project - VS2013\Code\eCoreTest\Source\Test\SmartPointers\SharedPtr.cpp,436,291,209,17,70,2,75,413,29,199
D:\Dropbox\E\Projects\e3project - VS2013\Code\eCoreTest\Source\Test\SmartPointers\WeakPtr.cpp,308,208,153,4,55,3,45,252,29,199
D:\Dropbox\E\Projects\e3project - VS2013\Code\eCoreTest\Source\Test\SmartPointers\IntrusivePtr.h,49,15,6,0,5,0,29,199,29,199
D:\Dropbox\E\Projects\e3project - VS2013\Code\eCoreTest\Source\Test\SmartPointers\SharedPtr.h,49,15,6,0,5,0,29,199,29,199
D:\Dropbox\E\Projects\e3project - VS2013\Code\eCoreTest\Source\Test\SmartPointers\WeakPtr.h,49,15,6,0,5,0,29,199,29,199
D:\Dropbox\E\Projects\e3project - VS2013\Code\eCoreTest\Source\Test\Text\String.cpp,309,120,107,4,55,0,134,655,29,199
D:\Dropbox\E\Projects\e3project - VS2013\Code\eCoreTest\Source\Test\Text\StringBuffer.cpp,315,157,144,4,31,0,127,579,29,199
D:\Dropbox\E\Projects\e3project - VS2013\Code\eCoreTest\Source\Test\Text\String.h,49,15,6,0,5,0,29,199,29,199
D:\Dropbox\E\Projects\e3project - VS2013\Code\eCoreTest\Source\Test\Text\StringBuffer.h,49,15,6,0,5,0,29,199,29,199
D:\Dropbox\E\Projects\e3project - VS2013\Code\eCoreTest\Source\Test\Threads\Thread.cpp,185,96,74,13,36,1,53,255,29,199
D:\Dropbox\E\Projects\e3project - VS2013\Code\eCoreTest\Source\Test\Threads\Thread.h,49,15,6,0,5,0,29,199,29,199
D:\Dropbox\E\Projects\e3project - VS2013\Code\eCoreTest\Source\Test\Time\Time.cpp,105,48,35,5,22,0,35,207,29,199
D:\Dropbox\E\Projects\e3project - VS2013\Code\eCoreTest\Source\Test\Time\Time.h,49,15,6,0,5,0,29,199,29,199
D:\Dropbox\E\Projects\e3project - VS2013\Code\eEngine\Build\resource.h,16,16,2,0,0,0,0,0,0,0
D:\Dropbox\E\Projects\e3project - VS2013\Code\eEngine\Include\EnginePch.h,113,58,3,2,14,0,41,220,29,208
D:\Dropbox\E\Projects\e3project - VS2013\Code\eEngine\Include\Graphics\Frustum.h,99,51,19,0,14,0,34,240,32,238
D:\Dropbox\E\Projects\e3project - VS2013\Code\eEngine\Include\Graphics\IConstantBuffer.h,68,27,13,0,9,0,32,206,26,199
D:\Dropbox\E\Projects\e3project - VS2013\Code\eEngine\Include\Graphics\IRenderManager.h,289,190,115,4,25,0,74,369,26,205
D:\Dropbox\E\Projects\e3project - VS2013\Code\eEngine\Include\Graphics\IResourceBuffer.h,64,20,10,0,10,0,34,213,26,204
D:\Dropbox\E\Projects\e3project - VS2013\Code\eEngine\Include\Graphics\Render.h,54,15,5,0,8,0,31,226,27,219
D:\Dropbox\E\Projects\e3project - VS2013\Code\eEngine\Include\Graphics\Vertex.h,296,211,153,18,26,0,59,232,26,199
D:\Dropbox\E\Projects\e3project - VS2013\Code\eEngine\Include\Graphics\Scene\CameraHandler.h,93,42,21,0,13,0,38,214,30,204
D:\Dropbox\E\Projects\e3project - VS2013\Code\eEngine\Include\Graphics\Scene\ICamera.h,87,43,25,0,10,0,34,213,27,205
D:\Dropbox\E\Projects\e3project - VS2013\Code\eEngine\Include\Graphics\Scene\ILight.h,62,20,8,0,8,0,34,212,27,205
D:\Dropbox\E\Projects\e3project - VS2013\Code\eEngine\Include\Graphics\Scene\ILightPoint.h,61,20,8,0,8,0,33,206,26,199
D:\Dropbox\E\Projects\e3project - VS2013\Code\eEngine\Include\Graphics\Scene\ILightSpot.h,62,21,9,0,8,0,33,206,26,199
D:\Dropbox\E\Projects\e3project - VS2013\Code\eEngine\Include\Graphics\Scene\ILogicComponent.h,80,29,15,0,11,0,40,229,27,213
D:\Dropbox\E\Projects\e3project - VS2013\Code\eEngine\Include\Graphics\Scene\IMaterial.h,95,49,24,0,12,0,34,213,27,205
D:\Dropbox\E\Projects\e3project - VS2013\Code\eEngine\Include\Graphics\Scene\IMesh.h,84,39,20,0,10,0,35,214,27,205
D:\Dropbox\E\Projects\e3project - VS2013\Code\eEngine\Include\Graphics\Scene\IObject.h,199,104,71,0,26,0,69,407,29,237
D:\Dropbox\E\Projects\e3project - VS2013\Code\eEngine\Include\Graphics\Scene\IRenderer.h,82,34,15,0,14,0,34,208,26,199
D:\Dropbox\E\Projects\e3project - VS2013\Code\eEngine\Include\Graphics\Scene\ISceneManager.h,106,50,26,0,12,0,44,298,27,211
D:\Dropbox\E\Projects\e3project - VS2013\Code\eEngine\Include\Graphics\Scene\IShadowComponent.h,62,19,7,0,8,0,35,229,27,208
D:\Dropbox\E\Projects\e3project - VS2013\Code\eEngine\Include\Graphics\Scene\IView.h,84,35,19,0,12,0,37,211,26,199
D:\Dropbox\E\Projects\e3project - VS2013\Code\eEngine\Include\Graphics\Scene\IWorld.h,76,28,15,0,11,0,37,211,26,199
D:\Dropbox\E\Projects\e3project - VS2013\Code\eEngine\Include\Graphics\Scene\MeshBuffer.h,95,54,31,0,11,0,30,207,27,204
D:\Dropbox\E\Projects\e3project - VS2013\Code\eEngine\Include\Graphics\Scene\Scene.h,57,18,6,0,8,0,31,226,27,219
D:\Dropbox\E\Projects\e3project - VS2013\Code\eEngine\Include\Input\IInputManager.h,75,27,14,0,11,0,37,223,30,214
D:\Dropbox\E\Projects\e3project - VS2013\Code\eEngine\Include\Input\Input.h,54,14,4,0,7,0,33,224,30,219
D:\Dropbox\E\Projects\e3project - VS2013\Code\eEngine\Source\EnginePch.cpp,34,1,0,0,4,0,29,205,29,205
D:\Dropbox\E\Projects\e3project - VS2013\Code\eEngine\Source\Graphics\ConstantBuffer.cpp,142,80,48,4,17,0,45,256,29,199
D:\Dropbox\E\Projects\e3project - VS2013\Code\eEngine\Source\Graphics\Frustum.cpp,166,78,31,8,23,1,65,286,30,206
D:\Dropbox\E\Projects\e3project - VS2013\Code\eEngine\Source\Graphics\Render.cpp,108,37,20,3,16,0,55,364,29,202
D:\Dropbox\E\Projects\e3project - VS2013\Code\eEngine\Source\Graphics\RenderManager.cpp,740,567,304,77,68,0,105,449,29,199
D:\Dropbox\E\Projects\e3project - VS2013\Code\eEngine\Source\Graphics\ResourceBuffer.cpp,100,37,23,3,18,1,45,237,29,199
D:\Dropbox\E\Projects\e3project - VS2013\Code\eEngine\Source\Graphics\ConstantBuffer.h,74,27,15,0,11,0,36,207,29,199
D:\Dropbox\E\Projects\e3project - VS2013\Code\eEngine\Source\Graphics\RenderManager.h,135,83,70,0,14,0,38,227,29,199
D:\Dropbox\E\Projects\e3project - VS2013\Code\eEngine\Source\Graphics\ResourceBuffer.h,75,26,14,0,12,0,37,208,29,199
D:\Dropbox\E\Projects\e3project - VS2013\Code\eEngine\Source\Graphics\Scene\Camera.cpp,292,174,105,12,45,0,73,380,30,204
D:\Dropbox\E\Projects\e3project - VS2013\Code\eEngine\Source\Graphics\Scene\CameraHandler.cpp,117,51,30,7,18,0,48,276,30,204
D:\Dropbox\E\Projects\e3project - VS2013\Code\eEngine\Source\Graphics\Scene\ForwardRenderer.cpp,617,372,275,18,107,0,138,465,29,199
D:\Dropbox\E\Projects\e3project - VS2013\Code\eEngine\Source\Graphics\Scene\Light.cpp,119,53,26,3,22,0,44,230,29,199
D:\Dropbox\E\Projects\e3project - VS2013\Code\eEngine\Source\Graphics\Scene\LightPoint.cpp,115,54,25,1,20,0,41,227,29,199
D:\Dropbox\E\Projects\e3project - VS2013\Code\eEngine\Source\Graphics\Scene\LightSpot.cpp,136,69,36,2,25,0,42,226,29,199
D:\Dropbox\E\Projects\e3project - VS2013\Code\eEngine\Source\Graphics\Scene\LogicComponent.cpp,95,39,21,3,17,0,39,218,30,204
D:\Dropbox\E\Projects\e3project - VS2013\Code\eEngine\Source\Graphics\Scene\Material.cpp,143,75,34,7,24,9,44,240,30,205
D:\Dropbox\E\Projects\e3project - VS2013\Code\eEngine\Source\Graphics\Scene\Mesh.cpp,346,231,136,18,46,0,69,302,30,204
D:\Dropbox\E\Projects\e3project - VS2013\Code\eEngine\Source\Graphics\Scene\MeshHelper.cpp,347,212,160,15,60,1,75,393,33,221
D:\Dropbox\E\Projects\e3project - VS2013\Code\eEngine\Source\Graphics\Scene\ObjectCore.cpp,326,204,107,29,43,2,79,320,30,204
D:\Dropbox\E\Projects\e3project - VS2013\Code\eEngine\Source\Graphics\Scene\ObjectGroup.cpp,69,16,6,0,11,0,42,223,30,204
D:\Dropbox\E\Projects\e3project - VS2013\Code\eEngine\Source\Graphics\Scene\Scene.cpp,93,36,20,3,15,0,42,230,30,212
D:\Dropbox\E\Projects\e3project - VS2013\Code\eEngine\Source\Graphics\Scene\SceneManager.cpp,242,145,97,17,36,2,61,317,30,205
D:\Dropbox\E\Projects\e3project - VS2013\Code\eEngine\Source\Graphics\Scene\ShadowComponent.cpp,119,48,26,5,21,0,50,236,29,199
D:\Dropbox\E\Projects\e3project - VS2013\Code\eEngine\Source\Graphics\Scene\View.cpp,97,36,17,4,17,0,44,222,29,199
D:\Dropbox\E\Projects\e3project - VS2013\Code\eEngine\Source\Graphics\Scene\World.cpp,105,49,21,6,14,0,42,221,29,199
D:\Dropbox\E\Projects\e3project - VS2013\Code\eEngine\Source\Graphics\Scene\Camera.h,113,65,50,0,13,0,35,209,30,204
D:\Dropbox\E\Projects\e3project - VS2013\Code\eEngine\Source\Graphics\Scene\ForwardRenderer.h,153,101,46,0,18,8,34,212,29,199
D:\Dropbox\E\Projects\e3project - VS2013\Code\eEngine\Source\Graphics\Scene\Light.h,89,43,26,0,13,0,33,203,29,199
D:\Dropbox\E\Projects\e3project - VS2013\Code\eEngine\Source\Graphics\Scene\LightPoint.h,89,43,27,0,13,0,33,203,29,199
D:\Dropbox\E\Projects\e3project - VS2013\Code\eEngine\Source\Graphics\Scene\LightSpot.h,98,52,35,0,13,0,33,203,29,199
D:\Dropbox\E\Projects\e3project - VS2013\Code\eEngine\Source\Graphics\Scene\LogicComponent.h,74,29,16,0,10,0,35,210,30,204
D:\Dropbox\E\Projects\e3project - VS2013\Code\eEngine\Source\Graphics\Scene\Material.h,82,38,25,0,11,0,33,212,27,205
D:\Dropbox\E\Projects\e3project - VS2013\Code\eEngine\Source\Graphics\Scene\Mesh.h,109,60,44,0,14,0,35,209,30,204
D:\Dropbox\E\Projects\e3project - VS2013\Code\eEngine\Source\Graphics\Scene\MeshHelper.h,59,20,9,0,6,0,33,207,30,204
D:\Dropbox\E\Projects\e3project - VS2013\Code\eEngine\Source\Graphics\Scene\ObjectCore.h,145,86,71,0,14,0,45,271,30,204
D:\Dropbox\E\Projects\e3project - VS2013\Code\eEngine\Source\Graphics\Scene\ObjectGroup.h,65,22,9,0,9,0,34,208,30,204
D:\Dropbox\E\Projects\e3project - VS2013\Code\eEngine\Source\Graphics\Scene\SceneManager.h,132,84,59,0,13,0,35,210,30,205
D:\Dropbox\E\Projects\e3project - VS2013\Code\eEngine\Source\Graphics\Scene\ScenePipeline.h,81,33,11,0,10,0,38,212,26,200
D:\Dropbox\E\Projects\e3project - VS2013\Code\eEngine\Source\Graphics\Scene\ShadowComponent.h,83,33,20,0,11,0,39,213,29,199
D:\Dropbox\E\Projects\e3project - VS2013\Code\eEngine\Source\Graphics\Scene\View.h,75,26,13,0,12,0,37,208,29,199
D:\Dropbox\E\Projects\e3project - VS2013\Code\eEngine\Source\Graphics\Scene\World.h,74,26,13,0,11,0,37,208,29,199
D:\Dropbox\E\Projects\e3project - VS2013\Code\eEngine\Source\Input\Input.cpp,91,34,19,3,16,0,41,219,29,201
D:\Dropbox\E\Projects\e3project - VS2013\Code\eEngine\Source\Input\InputManager.cpp,111,46,28,7,21,0,44,235,30,204
D:\Dropbox\E\Projects\e3project - VS2013\Code\eEngine\Source\Input\InputManager.h,73,27,16,0,11,0,35,209,30,204
D:\Dropbox\E\Projects\e3project - VS2013\Code\eEngineTest\Source\ChildMeshSample.cpp,160,85,60,19,22,1,53,255,29,199
D:\Dropbox\E\Projects\e3project - VS2013\Code\eEngineTest\Source\DebugWindow.cpp,101,44,30,0,17,1,40,228,29,199
D:\Dropbox\E\Projects\e3project - VS2013\Code\eEngineTest\Source\EngineTestPch.cpp,35,1,0,0,5,0,29,206,29,206
D:\Dropbox\E\Projects\e3project - VS2013\Code\eEngineTest\Source\HighlightSample.cpp,95,47,38,1,14,0,34,209,29,199
D:\Dropbox\E\Projects\e3project - VS2013\Code\eEngineTest\Source\LightPointSample.cpp,150,91,87,0,22,0,37,213,29,199
D:\Dropbox\E\Projects\e3project - VS2013\Code\eEngineTest\Source\LightSample.cpp,136,82,75,2,20,0,34,209,29,199
D:\Dropbox\E\Projects\e3project - VS2013\Code\eEngineTest\Source\LightShadowSample.cpp,168,67,62,0,18,0,83,322,29,199
D:\Dropbox\E\Projects\e3project - VS2013\Code\eEngineTest\Source\LightSpotSample.cpp,154,98,91,3,22,0,34,209,29,199
D:\Dropbox\E\Projects\e3project - VS2013\Code\eEngineTest\Source\LightSpotShadowSample.cpp,156,99,90,3,20,0,37,222,29,199
D:\Dropbox\E\Projects\e3project - VS2013\Code\eEngineTest\Source\Main.cpp,66,20,11,1,10,0,36,213,29,201
D:\Dropbox\E\Projects\e3project - VS2013\Code\eEngineTest\Source\MaterialSample.cpp,112,61,50,4,17,1,34,220,29,199
D:\Dropbox\E\Projects\e3project - VS2013\Code\eEngineTest\Source\MouseCameraSample.cpp,75,25,21,0,13,0,37,215,29,199
D:\Dropbox\E\Projects\e3project - VS2013\Code\eEngineTest\Source\PhongSample.cpp,96,49,38,4,14,1,33,209,29,199
D:\Dropbox\E\Projects\e3project - VS2013\Code\eEngineTest\Source\RenderTestApplication.cpp,270,145,99,6,43,0,82,336,29,199
D:\Dropbox\E\Projects\e3project - VS2013\Code\eEngineTest\Source\SampleApplication.cpp,134,67,43,2,22,0,45,238,29,199
D:\Dropbox\E\Projects\e3project - VS2013\Code\eEngineTest\Source\TriangleSample.cpp,74,22,16,0,14,0,38,218,29,199
D:\Dropbox\E\Projects\e3project - VS2013\Code\eEngineTest\Source\VertexFormatSample.cpp,83,22,19,0,12,0,49,232,29,199
D:\Dropbox\E\Projects\e3project - VS2013\Code\eEngineTest\Source\ChildMeshSample.h,61,24,16,0,8,0,29,199,29,199
D:\Dropbox\E\Projects\e3project - VS2013\Code\eEngineTest\Source\DebugWindow.h,62,24,16,0,9,0,29,199,29,199
D:\Dropbox\E\Projects\e3project - VS2013\Code\eEngineTest\Source\EngineTestPch.h,105,45,0,0,13,0,47,230,29,209
D:\Dropbox\E\Projects\e3project - VS2013\Code\eEngineTest\Source\HighlightSample.h,55,19,11,0,7,0,29,199,29,199
D:\Dropbox\E\Projects\e3project - VS2013\Code\eEngineTest\Source\ISceneSample.h,50,14,7,0,7,0,29,200,29,200
D:\Dropbox\E\Projects\e3project - VS2013\Code\eEngineTest\Source\LightPointSample.h,53,17,9,0,7,0,29,199,29,199
D:\Dropbox\E\Projects\e3project - VS2013\Code\eEngineTest\Source\LightSample.h,54,17,9,0,8,0,29,199,29,199
D:\Dropbox\E\Projects\e3project - VS2013\Code\eEngineTest\Source\LightShadowSample.h,51,15,7,0,7,0,29,199,29,199
D:\Dropbox\E\Projects\e3project - VS2013\Code\eEngineTest\Source\LightSpotSample.h,55,19,11,0,7,0,29,199,29,199
D:\Dropbox\E\Projects\e3project - VS2013\Code\eEngineTest\Source\LightSpotShadowSample.h,51,15,7,0,7,0,29,199,29,199
D:\Dropbox\E\Projects\e3project - VS2013\Code\eEngineTest\Source\MaterialSample.h,53,17,9,0,7,0,29,199,29,199
D:\Dropbox\E\Projects\e3project - VS2013\Code\eEngineTest\Source\MouseCameraSample.h,54,17,9,0,8,0,29,199,29,199
D:\Dropbox\E\Projects\e3project - VS2013\Code\eEngineTest\Source\PhongSample.h,53,17,9,0,7,0,29,199,29,199
D:\Dropbox\E\Projects\e3project - VS2013\Code\eEngineTest\Source\RenderTestApplication.h,76,32,24,0,14,0,30,201,29,199
D:\Dropbox\E\Projects\e3project - VS2013\Code\eEngineTest\Source\SampleApplication.h,78,38,30,0,10,0,30,201,29,199
D:\Dropbox\E\Projects\e3project - VS2013\Code\eEngineTest\Source\TriangleSample.h,56,19,10,0,8,0,29,199,29,199
D:\Dropbox\E\Projects\e3project - VS2013\Code\eEngineTest\Source\VertexFormatSample.h,50,14,6,0,7,0,29,199,29,199
D:\Dropbox\E\Projects\e3project - VS2013\Code\eGraphics\Build\resource.h,15,8,0,0,2,0,5,16,5,16
D:\Dropbox\E\Projects\e3project - VS2013\Code\eGraphics\Include\GraphicsPch.h,62,19,0,0,8,0,35,217,26,208
D:\Dropbox\E\Projects\e3project - VS2013\Code\eGraphics\Include\Graphics\Color.h,229,148,76,8,31,0,50,291,27,214
D:\Dropbox\E\Projects\e3project - VS2013\Code\eGraphics\Include\Graphics\Device.h,50,14,4,0,7,0,29,207,26,202
D:\Dropbox\E\Projects\e3project - VS2013\Code\eGraphics\Include\Graphics\Graphics.h,66,15,5,0,7,0,44,367,26,202
D:\Dropbox\E\Projects\e3project - VS2013\Code\eGraphics\Include\Graphics\IBlendState.h,127,76,27,0,16,0,35,214,26,203
D:\Dropbox\E\Projects\e3project - VS2013\Code\eGraphics\Include\Graphics\IBuffer.h,101,49,23,0,13,0,39,267,26,199
D:\Dropbox\E\Projects\e3project - VS2013\Code\eGraphics\Include\Graphics\IDepthStencilState.h,129,78,29,0,16,0,35,214,26,203
D:\Dropbox\E\Projects\e3project - VS2013\Code\eGraphics\Include\Graphics\IDevice.h,110,57,31,0,14,0,39,247,26,209
D:\Dropbox\E\Projects\e3project - VS2013\Code\eGraphics\Include\Graphics\IPipeline.h,98,50,32,0,10,0,38,239,26,205
D:\Dropbox\E\Projects\e3project - VS2013\Code\eGraphics\Include\Graphics\IRasterState.h,105,56,23,0,14,0,35,214,26,203
D:\Dropbox\E\Projects\e3project - VS2013\Code\eGraphics\Include\Graphics\IRenderTarget.h,80,35,17,0,12,0,33,218,26,209
D:\Dropbox\E\Projects\e3project - VS2013\Code\eGraphics\Include\Graphics\IResource.h,74,32,12,0,10,0,32,206,26,199
D:\Dropbox\E\Projects\e3project - VS2013\Code\eGraphics\Include\Graphics\ISampler.h,137,86,27,0,16,0,35,214,26,203
D:\Dropbox\E\Projects\e3project - VS2013\Code\eGraphics\Include\Graphics\IShader.h,85,42,20,0,11,0,32,216,26,209
D:\Dropbox\E\Projects\e3project - VS2013\Code\eGraphics\Include\Graphics\ITexture2D.h,120,64,20,0,14,0,42,239,26,199
D:\Dropbox\E\Projects\e3project - VS2013\Code\eGraphics\Include\Graphics\IVertexLayout.h,110,59,25,2,14,0,37,243,28,232
D:\Dropbox\E\Projects\e3project - VS2013\Code\eGraphics\Include\Graphics\IViewport.h,85,38,17,0,12,0,35,219,26,208
D:\Dropbox\E\Projects\e3project - VS2013\Code\eGraphics\Include\Graphics\VertexPrimitive.h,54,19,4,0,6,5,29,262,26,200
D:\Dropbox\E\Projects\e3project - VS2013\Code\eGraphics\Source\GraphicsPch.cpp,32,1,0,0,5,0,26,205,26,205
D:\Dropbox\E\Projects\e3project - VS2013\Code\eGraphics\Source\Graphics\Device.cpp,96,41,24,3,17,1,38,223,26,202
D:\Dropbox\E\Projects\e3project - VS2013\Code\eGraphics\Source\Graphics\DX11\DX11BlendState.cpp,121,64,31,5,21,0,36,216,26,199
D:\Dropbox\E\Projects\e3project - VS2013\Code\eGraphics\Source\Graphics\DX11\DX11Buffer.cpp,377,258,145,30,50,4,69,369,26,199
D:\Dropbox\E\Projects\e3project - VS2013\Code\eGraphics\Source\Graphics\DX11\DX11DepthStencilState.cpp,132,69,34,5,24,0,39,221,26,199
D:\Dropbox\E\Projects\e3project - VS2013\Code\eGraphics\Source\Graphics\DX11\DX11Device.cpp,260,174,105,35,32,11,54,330,26,201
D:\Dropbox\E\Projects\e3project - VS2013\Code\eGraphics\Source\Graphics\DX11\DX11Pipeline.cpp,348,268,136,15,37,0,43,229,26,199
D:\Dropbox\E\Projects\e3project - VS2013\Code\eGraphics\Source\Graphics\DX11\DX11RasterState.cpp,112,54,30,5,21,0,37,215,26,199
D:\Dropbox\E\Projects\e3project - VS2013\Code\eGraphics\Source\Graphics\DX11\DX11RenderTarget.cpp,239,160,80,23,30,2,49,285,26,199
D:\Dropbox\E\Projects\e3project - VS2013\Code\eGraphics\Source\Graphics\DX11\DX11Sampler.cpp,139,84,34,3,20,0,35,213,26,199
D:\Dropbox\E\Projects\e3project - VS2013\Code\eGraphics\Source\Graphics\DX11\DX11Shader.cpp,267,181,104,23,37,1,49,269,26,199
D:\Dropbox\E\Projects\e3project - VS2013\Code\eGraphics\Source\Graphics\DX11\DX11Texture2D - Copy.cpp,463,300,152,43,62,4,101,418,29,199
D:\Dropbox\E\Projects\e3project - VS2013\Code\eGraphics\Source\Graphics\DX11\DX11Texture2D.cpp,423,309,150,42,65,4,49,309,26,199
D:\Dropbox\E\Projects\e3project - VS2013\Code\eGraphics\Source\Graphics\DX11\DX11VertexLayout.cpp,183,121,52,9,23,9,39,246,26,199
D:\Dropbox\E\Projects\e3project - VS2013\Code\eGraphics\Source\Graphics\DX11\DX11Viewport.cpp,205,118,82,13,35,1,52,315,26,201
D:\Dropbox\E\Projects\e3project - VS2013\Code\eGraphics\Source\Graphics\DX11\DX11Base.h,43,7,0,0,7,0,29,213,26,208
D:\Dropbox\E\Projects\e3project - VS2013\Code\eGraphics\Source\Graphics\DX11\DX11BlendState.h,71,26,15,0,12,0,33,208,26,199
D:\Dropbox\E\Projects\e3project - VS2013\Code\eGraphics\Source\Graphics\DX11\DX11Buffer.h,113,49,38,0,15,0,49,378,29,254
D:\Dropbox\E\Projects\e3project - VS2013\Code\eGraphics\Source\Graphics\DX11\DX11Core.h,102,43,19,3,18,0,41,270,28,250
D:\Dropbox\E\Projects\e3project - VS2013\Code\eGraphics\Source\Graphics\DX11\DX11DepthStencilState.h,71,26,15,0,12,0,33,208,26,199
D:\Dropbox\E\Projects\e3project - VS2013\Code\eGraphics\Source\Graphics\DX11\DX11Device.h,119,72,50,0,15,0,32,209,26,202
D:\Dropbox\E\Projects\e3project - VS2013\Code\eGraphics\Source\Graphics\DX11\DX11Pipeline.h,89,45,27,0,11,5,33,227,26,199
D:\Dropbox\E\Projects\e3project - VS2013\Code\eGraphics\Source\Graphics\DX11\DX11RasterState.h,71,26,15,0,12,0,33,208,26,199
D:\Dropbox\E\Projects\e3project - VS2013\Code\eGraphics\Source\Graphics\DX11\DX11RenderTarget.h,78,32,20,0,14,0,32,209,26,202
D:\Dropbox\E\Projects\e3project - VS2013\Code\eGraphics\Source\Graphics\DX11\DX11Sampler.h,71,26,15,0,12,0,33,208,26,199
D:\Dropbox\E\Projects\e3project - VS2013\Code\eGraphics\Source\Graphics\DX11\DX11Shader.h,91,41,30,0,12,0,38,239,26,199
D:\Dropbox\E\Projects\e3project - VS2013\Code\eGraphics\Source\Graphics\DX11\DX11Texture2D.h,88,38,27,0,13,0,37,233,26,199
D:\Dropbox\E\Projects\e3project - VS2013\Code\eGraphics\Source\Graphics\DX11\DX11VertexLayout.h,70,25,14,0,12,0,33,208,26,199
D:\Dropbox\E\Projects\e3project - VS2013\Code\eGraphics\Source\Graphics\DX11\DX11Viewport.h,73,26,15,0,14,0,33,211,26,202
D:\Dropbox\E\Projects\e3project - VS2013\Code\eGraphicsTest\Source\GraphicsTestPch.cpp,34,1,0,0,4,0,29,206,29,206
D:\Dropbox\E\Projects\e3project - VS2013\Code\eGraphicsTest\Source\IndexedInstanceVertexUpdater.cpp,76,30,23,0,11,0,35,208,29,199
D:\Dropbox\E\Projects\e3project - VS2013\Code\eGraphicsTest\Source\IndexedVertexUpdater.cpp,96,48,37,0,13,0,35,208,29,199
D:\Dropbox\E\Projects\e3project - VS2013\Code\eGraphicsTest\Source\InstanceVertexUpdater.cpp,83,35,26,0,13,0,35,208,29,199
D:\Dropbox\E\Projects\e3project - VS2013\Code\eGraphicsTest\Source\Main.cpp,100,15,11,1,13,1,72,267,29,201
D:\Dropbox\E\Projects\e3project - VS2013\Code\eGraphicsTest\Source\RenderDepthToTextureUpdater.cpp,99,47,40,0,15,0,37,222,29,199
D:\Dropbox\E\Projects\e3project - VS2013\Code\eGraphicsTest\Source\RenderToTextureUpdater.cpp,108,54,43,0,15,0,39,221,29,199
D:\Dropbox\E\Projects\e3project - VS2013\Code\eGraphicsTest\Source\SimpleVertexUpdater.cpp,260,164,132,2,37,0,59,274,29,199
D:\Dropbox\E\Projects\e3project - VS2013\Code\eGraphicsTest\Source\TextureVertexUpdater.cpp,121,68,53,0,15,0,38,214,29,199
D:\Dropbox\E\Projects\e3project - VS2013\Code\eGraphicsTest\Source\GraphicsTestPch.h,73,22,0,0,10,0,41,221,29,209
D:\Dropbox\E\Projects\e3project - VS2013\Code\eGraphicsTest\Source\IndexedInstanceVertexUpdater.h,56,17,9,0,10,0,29,199,29,199
D:\Dropbox\E\Projects\e3project - VS2013\Code\eGraphicsTest\Source\IndexedVertexUpdater.h,56,17,9,0,10,0,29,199,29,199
D:\Dropbox\E\Projects\e3project - VS2013\Code\eGraphicsTest\Source\InstanceVertexUpdater.h,57,18,10,0,10,0,29,199,29,199
D:\Dropbox\E\Projects\e3project - VS2013\Code\eGraphicsTest\Source\RenderDepthToTextureUpdater.h,56,17,8,0,10,0,29,199,29,199
D:\Dropbox\E\Projects\e3project - VS2013\Code\eGraphicsTest\Source\RenderToTextureUpdater.h,61,21,12,0,11,0,29,199,29,199
D:\Dropbox\E\Projects\e3project - VS2013\Code\eGraphicsTest\Source\SimpleVertexUpdater.h,86,40,31,0,15,0,31,202,29,199
D:\Dropbox\E\Projects\e3project - VS2013\Code\eGraphicsTest\Source\TextureVertexUpdater.h,59,20,12,0,10,0,29,199,29,199
